Carrier,Insurance Type
AGCS Marine Insurance Co,Ocean Marine
AGCS Marine Insurance Co,Ocean Marine
Atlantic Specialty,Business Owners Policy
Atlantic Specialty,Employment Practices Liability Insurance
Atlantic Specialty,General Liability Insurance
Atlantic Specialty,Commercial Property
Diamond State,Commercial Property
Diamond State,Professional Liability Insurance
Diamond State,Inland Marine
Liberty Surplus Lines / Lloyds,Professional Liability Insurance
Liberty Surplus Lines / Lloyds,Stock Through Put
Liberty Surplus Lines / Lloyds,Inland Marine
Liberty Surplus Lines / Lloyds,Ocean Marine
Liberty Surplus Lines / Lloyds,Commercial Property
Lloyds of London,Commercial Property
Lloyds of London,Inland Marine
Lloyds of London,Ocean Marine
Mt. Hawley & Lloyds of London,Professional Liability Insurance
Public Service Mutual,Medical Malpractice
Public Service Mutual,Professional Liability Insurance
Underwriters at Lloyds,Professional Liability Insurance
US Fire Insurance,Professional Liability Insurance
US Fire Insurance,Professional Liability Insurance
UW MGR for Scottsdale/ National Cas,Professional Liability Insurance
Ace Westchester,Professional Liability Insurance
Ace Westchester,Professional Liability Insurance
Ace Westchester,Professional Liability Insurance
Ace Westchester,Professional Liability Insurance
Ace Westchester,Professional Liability Insurance
Ace Westchester,Pollution Liability Insurance
Ace Westchester,Environmental liability Insurance
Ace Westchester,Product Liability
Ace Westchester,Business Owners Policy
Ace Westchester,Commercial Property
Ace Westchester,Directors & Officers Insurance
Ace Westchester,Liquor Liability
Ace Westchester,Special Events
Ace Westchester,Equipment Breakdown
Ace Westchester,Business Interruption
Ace Westchester,Garage Liability
Ace Westchester,Dealers Open Lot
Ace Westchester,Hired and Non Owned Auto
Ace Westchester,Cyber Insurance
Ace Westchester,Product Liability
Admiral,Commercial Property
Admiral,Product Liability
Admiral,Inland Marine
Admiral,Stock Through Put
Admiral,Medical Malpractice
Admiral,Pollution Liability Insurance
Admiral,Environmental liability Insurance
Admiral,Cyber Insurance
Advantage Specialty,Workers Compensation Insurance
Advantage Specialty,Business Owners Policy
AIG Insurance,General Liability Insurance
AIG Insurance,Workers Compensation Insurance
AIG Insurance,Employment Practices Liability Insurance
AIG Insurance,Cyber Insurance
AIG Insurance,Professional Liability Insurance
AIG Insurance,Pollution Liability Insurance
AIG Insurance,Product Liability
AIG Insurance,Commercial Property
AIG Insurance,Commercial Auto
Lexington Insurance ,Commercial Property
Lexington Insurance ,General Liability Insurance
Lexington Insurance ,Medical Malpractice
Lexington Insurance ,Professional Liability Insurance
AIG / Risk Specialists Companies / Lexington,Difference In Conditions
AIG / Risk Specialists Companies / Lexington,Excess Property
AIG / Risk Specialists Companies / Lexington,Excess Casualty
AIG Environmental,Environmental liability Insurance
AIG Small Business Underwriting Center,Business Owners Policy
AIG Small Business Underwriting Center,Hired and Non Owned Auto
AIG Small Business Underwriting Center,Business Interruption
AIG Small Business Underwriting Center,Professional Liability Insurance
AIG Small Business Underwriting Center,General Liability Insurance
AIG Specialty WC ,Workers Compensation Insurance
AIG Specialty WC,Workers Compensation Insurance
Allianz Global Corporate & Specialty,General Liability Insurance
Allianz Global Corporate & Specialty,Workers Compensation Insurance
Allianz Global Corporate & Specialty,Commercial Property
Allianz Global Corporate & Specialty,Pollution Liability Insurance
Allianz Global Corporate & Specialty,Environmental liability Insurance
Allianz Global Corporate & Specialty,Professional Liability Insurance
Allianz Global Corporate & Specialty,Directors & Officers Insurance
Allianz Global Corporate & Specialty,Inland Marine
Allianz Global Corporate & Specialty,Ocean Marine
Allianz Global Corporate & Specialty,Excess Property
Allianz Global Corporate & Specialty,Excess Casualty
Allianz Global Corporate & Specialty,Umbrella
Allianz Global Corporate & Specialty,Difference In Conditions
Allied World Assurance Co (AWAC),Employment Practices Liability Insurance
Allied World Assurance Co (AWAC),General Liability Insurance
Allied World Assurance Co (AWAC),Workers Compensation Insurance
Allied World Assurance Co (AWAC),Cyber Insurance
Allied World Assurance Co (AWAC),Professional Liability Insurance
Allied World Assurance Co (AWAC),Pollution Liability Insurance
Allied World Assurance Co (AWAC),Environmental liability Insurance
Allied World Assurance Co (AWAC),Product Liability
Allied World Assurance Co (AWAC),Business Owners Policy
Allied World Assurance Co (AWAC),Commercial Property
Allied World Assurance Co (AWAC),Commercial Auto
Allied World Assurance Co (AWAC),Directors & Officers Insurance
Allied World Assurance Co (AWAC),Ocean Marine
Allied World Assurance Co (AWAC),Medical Malpractice
Allied World Assurance Co (AWAC),Excess Property
Allied World Assurance Co (AWAC),Excess Casualty
Allied World Assurance Co (AWAC),Umbrella
Allied World Assurance Co (AWAC),Hired and Non Owned Auto
"Alta Risk, LLC",Environmental liability Insurance
"Alta Risk, LLC",Excess Casualty
American Empire,General Liability Insurance
American Empire,Product Liability
American Empire,Excess Casualty
American Empire,Umbrella
American Empire,Difference In Conditions
AMRISC,Excess Property
AMRISC,Difference In Conditions
AMRISC,Inland Marine
AMRISC,Ocean Marine
AMRISC,Commercial Property
Amtrust Financial,General Liability Insurance
Amtrust Financial,Cyber Insurance
Amtrust Financial,Employment Practices Liability Insurance
Amtrust Financial,Business Owners Policy
Amtrust Financial,Commercial Auto
Amtrust Financial,Workers Compensation Insurance
Amtrust Financial,Inland Marine
Amtrust Financial,Fidelity Bond
Amtrust Financial,Surety Bond
Amtrust Financial,Fiduciary Bond
Arch Insurance Group,Employment Practices Liability Insurance
Arch Insurance Group,General Liability Insurance
Arch Insurance Group,Workers Compensation Insurance
Arch Insurance Group,Cyber Insurance
Arch Insurance Group,Professional Liability Insurance
Arch Insurance Group,Pollution Liability Insurance
Arch Insurance Group,Environmental liability Insurance
Arch Insurance Group,Product Liability
Arch Insurance Group,Business Owners Policy
Arch Insurance Group,Commercial Property
Arch Insurance Group,Commercial Auto
Arch Insurance Group,Directors & Officers Insurance
Arch Insurance Group,Ocean Marine
Arch Insurance Group,Medical Malpractice
Arch Insurance Group,Excess Property
Arch Insurance Group,Excess Casualty
Arch Insurance Group,Umbrella
Arch Insurance Group,Hired and Non Owned Auto
ArgoPro,Professional Liability Insurance
ArgoPro,Excess Casualty
ArgoPro,Fiduciary Bond
Aspen Insurance,Professional Liability Insurance
Aspen Insurance,Pollution Liability Insurance
Aspen Insurance,Environmental liability Insurance
Aspen Insurance,Commercial Property
Aspen Insurance,Inland Marine
Aspen Insurance,Ocean Marine
Aspen Insurance,Excess Property
Aspen Insurance,Excess Casualty
Aspen Insurance,Umbrella
Aspen Insurance,Difference In Conditions
Aspen Insurance,Surety Bond
Aspen Insurance,Fiduciary Bond
AUGOLD,Inland Marine
AUGOLD,Equipment Breakdown
AUGOLD,Commercial Property
Axis Insurance,Product Liability
Axis Insurance,Commercial Property
Axis Insurance,Medical Malpractice
Axis Insurance,Excess Property
Axis Insurance,Environmental liability Insurance
Axis Insurance,Pollution Liability Insurance
Axis Insurance,Excess Casualty
Axis Insurance,Umbrella
Axis Insurance,Difference In Conditions
Axis Insurance,Directors & Officers Insurance
Axis Insurance,General Liability Insurance
Axis Insurance,Cyber Insurance
One Beacon Insurance Company,Excess Property
Beazley Insurance,Employment Practices Liability Insurance
Beazley Insurance,General Liability Insurance
Beazley Insurance,Workers Compensation Insurance
Beazley Insurance,Cyber Insurance
Beazley Insurance,Professional Liability Insurance
Beazley Insurance,Pollution Liability Insurance
Beazley Insurance,Environmental liability Insurance
Beazley Insurance,Product Liability
Beazley Insurance,Business Owners Policy
Beazley Insurance,Inland Marine
Beazley Insurance,Ocean Marine
Beazley Insurance,Commercial Property
Beazley Insurance,Business Owners Policy
Beazley Insurance,Inland Marine
Bell & Clements Ltd.,Commercial Property
Berkshire Hathway Insurance ,General Liability Insurance
Berkshire Hathway Insurance ,Workers Compensation Insurance
Berkshire Hathway Insurance ,Cyber Insurance
Berkshire Hathway Insurance ,Professional Liability Insurance
Berkshire Hathway Insurance ,Environmental liability Insurance
Berkshire Hathway Insurance ,Product Liability
Berkshire Hathway Insurance ,Business Owners Policy
Berkshire Hathway Insurance ,Commercial Property
Berkshire Hathway Insurance ,Commercial Auto
Berkshire Hathway Insurance ,Medical Malpractice
Berkshire Hathway Insurance ,Inland Marine
Berkshire Hathway Insurance ,Special Events
Berkshire Hathway Insurance ,Equipment Breakdown
Berkshire Hathway Insurance ,Business Interruption
Berkshire Hathway Insurance ,Garage Liability
Berkshire Hathway Insurance ,Hired and Non Owned Auto
Berkshire Hathway Insurance ,Dealers Open Lot
Brit Global Specialty USA,Stock Through Put
Brit Global Specialty USA,Excess Property
Brit Global Specialty USA,Inland Marine
Brit Global Specialty USA,Ocean Marine
Brit Global Specialty USA,Commercial Property
CNA Insurance,Employment Practices Liability Insurance
CNA Insurance,General Liability Insurance
CNA Insurance,Workers Compensation Insurance
CNA Insurance,Cyber Insurance
CNA Insurance,Professional Liability Insurance
CNA Insurance,Commercial Property
CNA Insurance,Business Owners Policy
CNA Insurance,Directors & Officers Insurance
CNA Insurance,Inland Marine
CNA Insurance,Ocean Marine
CNA Insurance,Excess Property
CNA Insurance,Excess Casualty
CNA Insurance,Umbrella
CNA Insurance,Fidelity Bond
CNA Insurance,Fiduciary Bond
CNA Insurance,Surety Bond
C&F Specialty (formerly CoverX),General Liability Insurance
C&F Specialty (formerly CoverX),Professional Liability Insurance
C&F Specialty (formerly CoverX),Pollution Liability Insurance
C&F Specialty (formerly CoverX),Environmental liability Insurance
C&F Specialty (formerly CoverX),Product Liability
C&F Specialty (formerly CoverX),Commercial Property
C&F Specialty (formerly CoverX),Liquor Liability
C&F Specialty (formerly CoverX),Directors & Officers Insurance
C&F Specialty (formerly CoverX),Special Events
C&F Specialty (formerly CoverX),Liquor Liability
C&F Specialty (formerly CoverX),Garage Liability
C&F Specialty (formerly CoverX),Hired and Non Owned Auto
C&F Specialty (formerly CoverX),Business Interruption
C&F Specialty (formerly CoverX),Equipment Breakdown
C&F Specialty (formerly CoverX),Medical Malpractice
C&F Specialty (formerly CoverX),Inland Marine
C&S Specialty (Allied World),Environmental liability Insurance
C&S Specialty (Allied World),Pollution Liability Insurance
C&S Specialty (Allied World),General Liability Insurance
Cap Specialty F/K/A NECC/Rockhill,Pollution Liability Insurance
Cap Specialty F/K/A NECC/Rockhill,Environmental liability Insurance
Cap Specialty F/K/A NECC/Rockhill,General Liability Insurance
"Cat Risk, inc.",Difference In Conditions
"Centrex Underwriters, Inc.",General Liability Insurance
"Centrex Underwriters, Inc.",Excess Casualty
"Centrex Underwriters, Inc.",Liquor Liability
CFC underwriting,Cyber Insurance
CFC underwriting,Professional Liability Insurance
CFC underwriting,Directors & Officers Insurance
CFC underwriting,Fiduciary Bond
CFC underwriting,Excess Casualty
CFC underwriting,Excess Property
CFC underwriting,Commercial Property
CFC underwriting,General Liability Insurance
CHUBB Insurance,General Liability Insurance
CHUBB Insurance,Business Owners Policy
CHUBB Insurance,Cyber Insurance
CHUBB Insurance,Equipment Breakdown
CHUBB Insurance,Environmental liability Insurance
CHUBB Insurance,Difference In Conditions
CHUBB Insurance,Commercial Property
CHUBB Insurance,Employment Practices Liability Insurance
CHUBB Insurance,Directors & Officers Insurance
CHUBB Insurance,Fiduciary Bond
CHUBB Insurance,Surety Bond
CHUBB Insurance,Medical Malpractice
CHUBB Insurance,Inland Marine
CHUBB Insurance,Ocean Marine
CHUBB Insurance,Product Liability
CHUBB Insurance,Professional Liability Insurance
CHUBB Insurance,Fidelity Bond
Cincinnati Insurance Companies,Umbrella
Cincinnati Insurance Companies,Workers Compensation Insurance
Cincinnati Insurance Companies,Commercial Auto
Cincinnati Insurance Companies,Employment Practices Liability Insurance
Cincinnati Insurance Companies,Directors & Officers Insurance
Cincinnati Insurance Companies,Fidelity Bond
Cincinnati Insurance Companies,Cyber Insurance
Cincinnati Insurance Companies,Inland Marine
Cincinnati Insurance Companies,Business Owners Policy
Cincinnati Insurance Companies,General Liability Insurance
CSE Insurance Group,Business Owners Policy
CM Vantage Specialty Insurance Company,Commercial Property
CM Vantage Specialty Insurance Company,Inland Marine
CM Vantage Specialty Insurance Company,Excess Property
CM Vantage Specialty Insurance Company,Difference In Conditions
Colony Insurance,General Liability Insurance
Colony Specialty,Commercial Property
Colony Specialty,Commercial Auto
Cornerstone Underwriting Partners,General Liability Insurance
Cornerstone Underwriting Partners,Cyber Insurance
Cornerstone Underwriting Partners,Inland Marine
Cornerstone Underwriting Partners,Workers Compensation Insurance
Cornerstone Underwriting Partners,Pollution Liability Insurance
CorRisk Solutions,General Liability Insurance
CorRisk Solutions,General Liability Insurance
Cover X Specialty,Employment Practices Liability Insurance
Cover X Specialty,General Liability Insurance
Cover X Specialty,Workers Compensation Insurance
Cover X Specialty,Cyber Insurance
Cover X Specialty,Business Owners Policy
Cover X Specialty,Commercial Property
Cover X Specialty,Directors & Officers Insurance
Cover X Specialty,Special Events
Cover X Specialty,Inland Marine
Cover X Specialty,Ocean Marine
Cover X Specialty,Stock Through Put
Cover X Specialty,Medical Malpractice
Cover X Specialty,Equipment Breakdown
Cover X Specialty,Business Interruption
Cover X Specialty,Garage Liability
Cover X Specialty,Hired and Non Owned Auto
Cover X Specialty,Professional Liability Insurance
Cover X Specialty,Pollution Liability Insurance
Cover X Specialty,Environmental liability Insurance
Cover X Specialty,Product Liability
Cover X Specialty,Excess Property
Cover X Specialty,Excess Casualty
Cover X Specialty,Umbrella
Crum & Forster,Commercial Property
Crum & Forster,General Liability Insurance
Crum & Forster,Employment Practices Liability Insurance
Crum & Forster,Workers Compensation Insurance
Crum & Forster,Professional Liability Insurance
Crum & Forster,Cyber Insurance
Crum & Forster,Pollution Liability Insurance
Crum & Forster,Environmental liability Insurance
Crum & Forster,Directors & Officers Insurance
Crum & Forster,Excess Property
Crum & Forster,Inland Marine
Crum & Forster,Excess Casualty
Crum & Forster,Umbrella
Crum & Forster,Medical Malpractice
Crum & Forster,Business Owners Policy
Devon Park Specialty Insurance,General Liability Insurance
Devon Park Specialty Insurance,Employment Practices Liability Insurance
Devon Park Specialty Insurance,Directors & Officers Insurance
Devon Park Specialty Insurance,Excess Casualty
Devon Park Specialty Insurance,Professional Liability Insurance
Devon Park Specialty Insurance,Commercial Property
Devon Park Specialty Insurance,Business Owners Policy
Devon Park Specialty Insurance,Product Liability
Devon Park Specialty Insurance,Umbrella
DUAL Commercial,General Liability Insurance
DUAL Commercial,Employment Practices Liability Insurance
DUAL Commercial,Directors & Officers Insurance
DUAL Commercial,Difference In Conditions
DUAL Commercial,Excess Casualty
DUAL Commercial,Professional Liability Insurance
DUAL Commercial,Commercial Property
DUAL Commercial,Business Owners Policy
DUAL Commercial,Product Liability
DUAL Commercial,Umbrella
QBE International Corporation,General Liability Insurance
QBE International Corporation,Workers Compensation Insurance
QBE International Corporation,Professional Liability Insurance
QBE International Corporation,Pollution Liability Insurance
QBE International Corporation,Environmental liability Insurance
QBE International Corporation,Product Liability
QBE International Corporation,Commercial Property
QBE International Corporation,Commercial Auto
QBE International Corporation,Inland Marine
QBE International Corporation,Ocean Marine
QBE International Corporation,Garage Liability
QBE International Corporation,Dealers Open Lot
"Francis L. Dean & Associates, Inc.",Special Events
Starr Companies,General Liability Insurance
Starr Companies,Cyber Insurance
Starr Companies,Pollution Liability Insurance
Starr Companies,Commercial Auto
Starr Companies,Fidelity Bond
Starr Companies,Directors & Officers Insurance
Starr Companies,Employment Practices Liability Insurance
Starr Companies,Environmental liability Insurance
Starr Companies,Inland Marine
Starr Companies,Ocean Marine
Starr Companies,Commercial Property
Starr Companies,Workers Compensation Insurance
Starr Companies,Special Events
Employers Insurance Group,Workers Compensation Insurance
Sompo International,Difference In Conditions
Sompo International,General Liability Insurance
Sompo International,Workers Compensation Insurance
Sompo International,Cyber Insurance
Sompo International,Commercial Property
Sompo International,Excess Property
Sompo International,Excess Casualty
Sompo International,Umbrella
Sompo International,Pollution Liability Insurance
Sompo International,Environmental liability Insurance
Sompo International,Product Liability
Sompo International,Professional Liability Insurance
Sompo International,Medical Malpractice
Sompo International,Surety Bond
Environmental Underwriting Solutions,Environmental liability Insurance
"Shephard Compello, Ltd.",Cyber Insurance
"Shephard Compello, Ltd.",Commercial Property
"Shephard Compello, Ltd.",Inland Marine
"Shephard Compello, Ltd.",Ocean Marine
"Shephard Compello, Ltd.",Stock Through Put
"Shephard Compello, Ltd.",Commercial Auto
"Shephard Compello, Ltd.",Fiduciary Bond
"Shephard Compello, Ltd.",Surety Bond
Equinox Underwriters,Commercial Property
Equinox Underwriters,Excess Property
Equinox Underwriters,Difference In Conditions
"Everest Re Group, Ltd.",Commercial Property
"Everest Re Group, Ltd.",General Liability Insurance
"Everest Re Group, Ltd.",Business Owners Policy
"Everest Re Group, Ltd.",Excess Casualty
First American Property & Casualty,Personal Lines
Founders Insurance Group,Liquor Liability
Founders Insurance Group,Personal Lines
Founders Insurance Group,Commercial Auto
Freberg Environmental,Professional Liability Insurance
Freberg Environmental,Pollution Liability Insurance
Freberg Environmental,Environmental liability Insurance
Freberg Environmental,Excess Casualty
General Star Management Co.,Commercial Property
General Star Management Co.,General Liability Insurance
General Star Management Co.,Inland Marine
General Star Management Co.,Liquor Liability
National General Insurance Group,Commercial Auto
GMI Insurance Services,Commercial Auto
Great American Insurance Company,General Liability Insurance
Great American Insurance Company,Product Liability
Great American Insurance Company,Pollution Liability Insurance
Great American Insurance Company,Environmental liability Insurance
Great American Insurance Company,Business Owners Policy
Great American Insurance Company,Professional Liability Insurance
Great American Insurance Company,Cyber Insurance
Great American Insurance Company,Inland Marine
Great American Insurance Company,Ocean Marine
Great American Insurance Company,Commercial Auto
Great American Insurance Company,Commercial Property
Gridiron Insurance Underwirters,Commercial Property
Gridiron Insurance Underwirters,Inland Marine
Gridiron Insurance Underwirters,Business Owners Policy
Gridiron Insurance Underwirters,Difference In Conditions
IFG Companies,Commercial Property
IFG Companies,General Liability Insurance
GTU: Grenenwich Transportaion Underwriters,Commercial Auto
GuideOne Insurance Companies,Business Owners Policy
The Hanover Insurance Group,Cyber Insurance
The Hanover Insurance Group,Medical Malpractice
The Hanover Insurance Group,General Liability Insurance
The Hanover Insurance Group,Workers Compensation Insurance
The Hanover Insurance Group,Employment Practices Liability Insurance
The Hanover Insurance Group,Directors & Officers Insurance
The Hanover Insurance Group,Inland Marine
The Hanover Insurance Group,Professional Liability Insurance
The Hanover Insurance Group,Surety Bond
The Hanover Insurance Group,Business Owners Policy
THe Harford Insurance Company,Business Owners Policy
THe Harford Insurance Company,General Liability Insurance
THe Harford Insurance Company,Workers Compensation Insurance
THe Harford Insurance Company,Commercial Auto
THe Harford Insurance Company,Commercial Property
THe Harford Insurance Company,Employment Practices Liability Insurance
THe Harford Insurance Company,Directors & Officers Insurance
THe Harford Insurance Company,Surety Bond
THe Harford Insurance Company,Fidelity Bond
THe Harford Insurance Company,Inland Marine
THe Harford Insurance Company,Ocean Marine
THe Harford Insurance Company,Cyber Insurance
"HCC Specialty Underiters, Inc.",Business Owners Policy
"HCC Specialty Underiters, Inc.",Inland Marine
"HCC Specialty Underiters, Inc.",Ocean Marine
"HCC Specialty Underiters, Inc.",Special Events
"HCC Specialty Underiters, Inc.",Surety Bond
"HCC Specialty Underiters, Inc.",General Liability Insurance
Hallmark E&S Insurance,Employment Practices Liability Insurance
Hallmark E&S Insurance,General Liability Insurance
Hallmark E&S Insurance,Workers Compensation Insurance
Hallmark E&S Insurance,Cyber Insurance
Hallmark E&S Insurance,Cyber Insurance
Hallmark E&S Insurance,Professional Liability Insurance
Hallmark E&S Insurance,Pollution Liability Insurance
Hallmark E&S Insurance,Environmental liability Insurance
Hallmark E&S Insurance,Product Liability
Hallmark E&S Insurance,Business Owners Policy
Hallmark E&S Insurance,Commercial Property
Hallmark E&S Insurance,Commercial Auto
Hallmark E&S Insurance,Directors & Officers Insurance
Hallmark E&S Insurance,Special Events
Hallmark E&S Insurance,Inland Marine
Hallmark E&S Insurance,Ocean Marine
Hallmark E&S Insurance,Medical Malpractice
Hallmark E&S Insurance,Equipment Breakdown
Hallmark E&S Insurance,Business Interruption
Hallmark E&S Insurance,Garage Liability
Hallmark E&S Insurance,Dealers Open Lot
Hallmark E&S Insurance,Excess Property
Hallmark E&S Insurance,Excess Casualty
Hallmark E&S Insurance,Umbrella
Houston International Insurance Group,General Liability Insurance
Houston International Insurance Group,Pollution Liability Insurance
Houston International Insurance Group,Business Owners Policy
Houston International Insurance Group,Professional Liability Insurance
Houston International Insurance Group,Surety Bond
Houston International Insurance Group,Business Owners Policy
Hiscox USA,General Liability Insurance
Hiscox USA,Workers Compensation Insurance
Hiscox USA,Cyber Insurance
Hiscox USA,Business Owners Policy
Hiscox USA,Special Events
"Huntersure, LLC",Professional Liability Insurance
IAT Group,Excess Casualty
IAT Group,Garage Liability
IAT Group,Umbrella
IAT Group,General Liability Insurance
IAT Group,Product Liability
IAT Group,Business Owners Policy
IAT Group,Commercial Property
ICAT,Difference In Conditions
ICW GRoup,Workers Compensation Insurance
ICW GRoup,Commercial Auto
ICW GRoup,Difference In Conditions
ICW GRoup,Surety Bond
Prime Insurance Company,Commercial Auto
Prime Insurance Company,Commercial Property
Prime Insurance Company,Inland Marine
Prime Insurance Company,Directors & Officers Insurance
Prime Insurance Company,Professional Liability Insurance
Prime Insurance Company,Garage Liability
Prime Insurance Company,General Liability Insurance
Prime Insurance Company,Medical Malpractice
Insurmark,Difference In Conditions
IPC International Property & Casualty,Commercial Auto
IPC International Property & Casualty,Excess Casualty
IPC International Property & Casualty,Excess Property
IPC International Property & Casualty,Business Owners Policy
IPC International Property & Casualty,Hired and Non Owned Auto
Ironshore Insurance Company,General Liability Insurance
Ironshore Insurance Company,Professional Liability Insurance
Ironshore Insurance Company,Commercial Property
Ironshore Insurance Company,Environmental liability Insurance
Ironshore Insurance Company,Product Liability
Ironshore Insurance Company,Excess Property
Ironshore Insurance Company,Excess Casualty
Insurance Specialty Group (ISG),Commercial Property
Insurance Specialty Group (ISG),Difference In Conditions
Insurance Specialty Group (ISG),General Liability Insurance
International Transportation & Marin Agency (ITMA),Inland Marine
International Transportation & Marin Agency (ITMA),Ocean Marine
International Transportation & Marin Agency (ITMA),Commercial Auto
International Transportation & Marin Agency (ITMA),Stock Through Put
International Transportation & Marin Agency (ITMA),General Liability Insurance
"Java Underwriting, LLC",Professional Liability Insurance
"Java Underwriting, LLC",Medical Malpractice
Minico,Professional Liability Insurance
Jorgensen & Company,Professional Liability Insurance
James River Insurance Company,Employment Practices Liability Insurance
James River Insurance Company,General Liability Insurance
James River Insurance Company,Workers Compensation Insurance
James River Insurance Company,Cyber Insurance
James River Insurance Company,Professional Liability Insurance
James River Insurance Company,Pollution Liability Insurance
James River Insurance Company,Environmental liability Insurance
James River Insurance Company,Product Liability
James River Insurance Company,Commercial Property
KBIC,Business Owners Policy
Kinsale Insurance Company,Commercial Property
Kinsale Insurance Company,Inland Marine
Kinsale Insurance Company,Product Liability
Kinsale Insurance Company,Excess Casualty
Kinsale Insurance Company,Medical Malpractice
Kinsale Insurance Company,Directors & Officers Insurance
Kinsale Insurance Company,Employment Practices Liability Insurance
Kinsale Insurance Company,General Liability Insurance
K & K Insurance Group,Employment Practices Liability Insurance
K & K Insurance Group,Directors & Officers Insurance
K & K Insurance Group,Special Events
London Aviation Underwriters,Excess Casualty
London Aviation Underwriters,Product Liability
London Aviation Underwriters,General Liability Insurance
"Mackinaw Administrators, LLC",Program Administrator
Markel Insurance Company,General Liability Insurance
Markel Insurance Company,Professional Liability Insurance
Markel Insurance Company,Workers Compensation Insurance
Markel Insurance Company,Umbrella
Markel Insurance Company,Commercial Property
Markel Insurance Company,Business Owners Policy
McGowan Excess & Casualty,General Liability Insurance
McGowan Excess & Casualty,Excess Casualty
McGowan Excess & Casualty,Product Liability
Markel Insurance Company,Product Liability
Markel Insurance Company,Medical Malpractice
Markel Insurance Company,Professional Liability Insurance
Proassurance Mid Continent Underwriters,General Liability Insurance
Proassurance Mid Continent Underwriters,Product Liability
Proassurance Mid Continent Underwriters,Medical Malpractice
Proassurance Mid Continent Underwriters,Workers Compensation Insurance
"Marine Underwriters of America, Inc.",Inland Marine
"Marine Underwriters of America, Inc.",Ocean Marine
"National Program Management, Inc. (NPM)",Pollution Liability Insurance
"National Program Management, Inc. (NPM)",Environmental liability Insurance
NCCI - State Fund Workers Compensation,Workers Compensation Insurance
New Empire Group,Umbrella
New Empire Group,Commercial Property
New Empire Group,General Liability Insurance
National Indemnity Company (NICO),Commercial Auto
National Indemnity Company (NICO),Inland Marine
National Indemnity Company (NICO),Special Events
National Indemnity Company (NICO),Dealers Open Lot
National Indemnity Company (NICO),Garage Liability
National Indemnity Company (NICO),General Liability Insurance
Normandy Insurance Company,Workers Compensation Insurance
Northland Insurance Company,Commercial Auto
Northland Insurance Company,General Liability Insurance
Northland Insurance Company,Inland Marine
Northland Insurance Company,Workers Compensation Insurance
Northland Insurance Company,Equipment Breakdown
Novus Underwriters,Excess Property
Novus Underwriters,Commercial Property
"OneBeacon Insurance Group, Ltd.",Excess Property
Palomar Specialty Insurance Company,Difference In Conditions
Pelican Lawyers Insurance Services,Professional Liability Insurance
Philadelphia Insurance Company,Commercial Auto
Philadelphia Insurance Company,Commercial Property
Philadelphia Insurance Company,Product Liability
Philadelphia Insurance Company,Special Events
Philadelphia Insurance Company,Employment Practices Liability Insurance
Philadelphia Insurance Company,Directors & Officers Insurance
Philadelphia Insurance Company,Surety Bond
PLIS - Professional Liability Insurance Services,Professional Liability Insurance
PMC Insurance Group,Business Owners Policy
PMC Insurance Group,Commercial Property
PMC Insurance Group,Commercial Auto
PMC Insurance Group,General Liability Insurance
Price Forbes Limited,General Liability Insurance
Price Forbes Limited,Medical Malpractice
Price Forbes Limited,Pollution Liability Insurance
Price Forbes Limited,Environmental liability Insurance
Price Forbes Limited,Commercial Property
Price Forbes Limited,Inland Marine
Price Forbes Limited,Ocean Marine
Price Forbes Limited,Stock Through Put
Price Forbes Limited,Product Liability
Price Forbes Limited,Excess Property
Price Forbes Limited,Excess Casualty
Prime Specialty,Commercial Auto
"Promont Advisors, LLC",Business Owners Policy
"Promont Advisors, LLC",General Liability Insurance
"Promont Advisors, LLC",Workers Compensation Insurance
"Promont Advisors, LLC",Commercial Property
"Promont Advisors, LLC",Employment Practices Liability Insurance
"Promont Advisors, LLC",Directors & Officers Insurance
"Promont Advisors, LLC",Medical Malpractice
"ProSurance Group, Inc.",Cyber Insurance
"ProSurance Group, Inc.",Professional Liability Insurance
"ProSurance Group, Inc.",Fidelity Bond
"PUA - Professional Underwriters Agency, Inc.",Professional Liability Insurance
"PUA - Professional Underwriters Agency, Inc.",Excess Casualty
Presidio Exchange,Personal Lines
P.S. & Associates Underwriting,General Liability Insurance
P.S. & Associates Underwriting,Excess Casualty
Rainer Insurance Company,Commercial Property
Rainer Insurance Company,General Liability Insurance
Rainer Insurance Company,Inland Marine
RLI Insurance Comapny,General Liability Insurance
RLI Insurance Comapny,Medical Malpractice
RLI Insurance Comapny,Employment Practices Liability Insurance
RLI Insurance Comapny,Directors & Officers Insurance
RLI Insurance Comapny,Business Owners Policy
RLI Insurance Comapny,Commercial Property
RLI Insurance Comapny,Inland Marine
RLI Insurance Comapny,Ocean Marine
Rockhill Insurance Group,Employment Practices Liability Insurance
Rockhill Insurance Group,General Liability Insurance
Rockhill Insurance Group,Workers Compensation Insurance
Rockhill Insurance Group,Cyber Insurance
Rockhill Insurance Group,Commercial Property
Rockhill Insurance Group,Commercial Auto
Rockhill Insurance Group,Personal Lines
RSUI Group,General Liability Insurance
RSUI Group,Commercial Property
RSUI Group,Product Liability
RSUI Group,Excess Casualty
RSUI Group,Directors & Officers Insurance
RSUI Group,Employment Practices Liability Insurance
"RTW, Inc.",Workers Compensation Insurance
"Safehold Special Risk, Inc.",Special Events
"Safehold Special Risk, Inc.",General Liability Insurance
"Safehold Special Risk, Inc.",Workers Compensation Insurance
"Safehold Special Risk, Inc.",Cyber Insurance
"Safehold Special Risk, Inc.",Professional Liability Insurance
"Safehold Special Risk, Inc.",Pollution Liability Insurance
"Safehold Special Risk, Inc.",Environmental liability Insurance
"Safehold Special Risk, Inc.",Commercial Property
"Safehold Special Risk, Inc.",Excess Property
"Safehold Special Risk, Inc.",Excess Casualty
"Safehold Special Risk, Inc.",Difference In Conditions
"Safehold Special Risk, Inc.",Medical Malpractice
"Safehold Special Risk, Inc.",Equipment Breakdown
"Safeonline, LLP.",Cyber Insurance
"Safeonline, LLP.",Professional Liability Insurance
"Safeonline, LLP.",Special Events
SWBC - Southwest Business Corporation,Cyber Insurance
SWBC - Southwest Business Corporation,Commercial Property
SWBC - Southwest Business Corporation,Workers Compensation Insurance
Victor O. Shinnerer & Co. ,Employment Practices Liability Insurance
Victor O. Shinnerer & Co. ,Directors & Officers Insurance
Victor O. Shinnerer & Co. ,Professional Liability Insurance
Victor O. Shinnerer & Co. ,Commercial Property
Victor O. Shinnerer & Co. ,General Liability Insurance
Victor O. Shinnerer & Co. ,Cyber Insurance
Victor O. Shinnerer & Co. ,Difference In Conditions
Seneca Insurance Group,General Liability Insurance
Seneca Insurance Group,Commercial Property
Seneca Insurance Group,Inland Marine
Seneca Insurance Group,Excess Property
"SFB Associates, Inc. ",Commercial Property
"SFB Associates, Inc. ",General Liability Insurance
"SFB Associates, Inc. ",Product Liability
"SFB Associates, Inc. ",Inland Marine
"SFB Associates, Inc. ",Equipment Breakdown
"SFB Associates, Inc. ",Business Interruption
"SFB Associates, Inc. ",Hired and Non Owned Auto
Starr Insurance Companies,General Liability Insurance
Starr Insurance Companies,Workers Compensation Insurance
Starr Insurance Companies,Professional Liability Insurance
Starr Insurance Companies,Cyber Insurance
Starr Insurance Companies,Pollution Liability Insurance
Starr Insurance Companies,Environmental liability Insurance
Starr Insurance Companies,Product Liability
Starr Insurance Companies,Inland Marine
Starr Insurance Companies,Excess Property
Starr Insurance Companies,Excess Casualty
Starr Insurance Companies,Business Owners Policy
Starr Insurance Companies,Commercial Property
Starr Insurance Companies,Commercial Auto
Target Insurance Programs,Professional Liability Insurance
TDC Specialty Underwriters,Medical Malpractice
TDC Specialty Underwriters,Product Liability
TDC Specialty Underwriters,Employment Practices Liability Insurance
TDC Specialty Underwriters,Directors & Officers Insurance
TDC Specialty Underwriters,Cyber Insurance
TDC Specialty Underwriters,Difference In Conditions
Tennant Special Risk,General Liability Insurance
Tennant Special Risk,Excess Casualty
Tennant Special Risk,Difference In Conditions
THB - Thompson Heath bond,General Liability Insurance
THB - Thompson Heath bond,Cyber Insurance
THB - Thompson Heath bond,Professional Liability Insurance
THB - Thompson Heath bond,Pollution Liability Insurance
THB - Thompson Heath bond,Environmental liability Insurance
THB - Thompson Heath bond,Product Liability
THB - Thompson Heath bond,Commercial Property
THB - Thompson Heath bond,Commercial Auto
THB - Thompson Heath bond,Inland Marine
THB - Thompson Heath bond,Ocean Marine
THB - Thompson Heath bond,Stock Through Put
THB - Thompson Heath bond,Medical Malpractice
THB - Thompson Heath bond,Equipment Breakdown
THB - Thompson Heath bond,Business Interruption
THB - Thompson Heath bond,Excess Property
THB - Thompson Heath bond,Excess Casualty
Topa Insurance Company,General Liability Insurance
Topa Insurance Company,Business Owners Policy
Topa Insurance Company,Commercial Auto
Topa Insurance Company,Commercial Property
Topa Insurance Company,Excess Casualty
Starstone Specialty Insurance Co.,Employment Practices Liability Insurance
Starstone Specialty Insurance Co.,Directors & Officers Insurance
Starstone Specialty Insurance Co.,Equipment Breakdown
Starstone Specialty Insurance Co.,Workers Compensation Insurance
Starstone Specialty Insurance Co.,Pollution Liability Insurance
Starstone Specialty Insurance Co.,Excess Casualty
Travelers Property Casualty Insurance Co.,Equipment Breakdown
Travelers Property Casualty Insurance Co.,Business Owners Policy
Travelers Property Casualty Insurance Co.,Workers Compensation Insurance
Travelers Property Casualty Insurance Co.,Environmental liability Insurance
Travelers Property Casualty Insurance Co.,General Liability Insurance
Travelers Property Casualty Insurance Co.,Cyber Insurance
Travelers Property Casualty Insurance Co.,Commercial Auto
Travelers Property Casualty Insurance Co.,Commercial Property
Travelers Property Casualty Insurance Co.,Inland Marine
Travelers Property Casualty Insurance Co.,Ocean Marine
Travelers Property Casualty Insurance Co.,Employment Practices Liability Insurance
Travelers Property Casualty Insurance Co.,Directors & Officers Insurance
Travelers Property Casualty Insurance Co.,Surety Bond
Travelers Property Casualty Insurance Co.,Excess Casualty
Travelers Property Casualty Insurance Co.,Umbrella
Tudor Insurance Company,General Liability Insurance
Tudor Insurance Company,Commercial Auto
Tudor Insurance Company,Difference In Conditions
Tudor Insurance Company,Workers Compensation Insurance
"Twenty Mile Insurance Services, Inc.",General Liability Insurance
United Fire Group (UFG Insurance),General Liability Insurance
United Fire Group (UFG Insurance),Workers Compensation Insurance
United Fire Group (UFG Insurance),Professional Liability Insurance
United Fire Group (UFG Insurance),Inland Marine
United Fire Group (UFG Insurance),Umbrella
United Fire Group (UFG Insurance),Garage Liability
United Fire Group (UFG Insurance),Dealers Open Lot
United Fire Group (UFG Insurance),Business Owners Policy
United National Insurance Company,General Liability Insurance
United National Insurance Company,Commercial Property
US Assure ,Difference In Conditions
US Assure ,Excess Property
US Assure ,Commercial Property
USAIG,Workers Compensation Insurance
USAIG,General Liability Insurance
USAIG,Product Liability
United States Liability Insurance Company,Business Owners Policy
United States Liability Insurance Company,Special Events
United States Liability Insurance Company,Employment Practices Liability Insurance
United States Liability Insurance Company,Commercial Property
United States Liability Insurance Company,Professional Liability Insurance
United States Liability Insurance Company,Liquor Liability
United States Liability Insurance Company,General Liability Insurance
U.S. Risk Inc.,Commercial Auto
U.S. Risk Inc.,Commercial Property
U.S. Risk Inc.,Environmental liability Insurance
U.S. Risk Inc.,Garage Liability
U.S. Risk Inc.,Liquor Liability
U.S. Risk Inc.,Pollution Liability Insurance
U.S. Risk Inc.,Professional Liability Insurance
U.S. Risk Inc.,Umbrella
Utica First Insurance Company,General Liability Insurance
Utica First Insurance Company,Business Owners Policy
Utica First Insurance Company,Commercial Property
Utica First Insurance Company,Garage Liability
Utica First Insurance Company,Dealers Open Lot
Utica First Insurance Company,Excess Casualty
Utica First Insurance Company,Umbrella
"V3 Insurance Partners, LLC",Workers Compensation Insurance
"V3 Insurance Partners, LLC",Commercial Property
"V3 Insurance Partners, LLC",General Liability Insurance
"Validus Underwriters, Inc.",Inland Marine
"Validus Underwriters, Inc.",Ocean Marine
"Validus Underwriters, Inc.",Stock Through Put
"Validus Underwriters, Inc.",Pollution Liability Insurance
"Validus Underwriters, Inc.",Product Liability
"Validus Underwriters, Inc.",Environmental liability Insurance
"Validus Underwriters, Inc.",General Liability Insurance
"Validus Underwriters, Inc.",Professional Liability Insurance
"Validus Underwriters, Inc.",Commercial Property
"Validus Underwriters, Inc.",Excess Property
"Validus Underwriters, Inc.",Excess Casualty
Vela Insurance Services,General Liability Insurance
Vela Insurance Services,Pollution Liability Insurance
Vela Insurance Services,Professional Liability Insurance
Vela Insurance Services,Difference In Conditions
"Venture Underwriters, Inc.",General Liability Insurance
"Venture Underwriters, Inc.",Excess Casualty
"Verus Underwriting Managers, LLC",General Liability Insurance
"Verus Underwriting Managers, LLC",Excess Casualty
"Verus Underwriting Managers, LLC",Garage Liability
"Verus Underwriting Managers, LLC",Professional Liability Insurance
Westcap Insurance Services,General Liability Insurance
WestCongress Insurance Services,General Liability Insurance
WestCongress Insurance Services,Pollution Liability Insurance
WestCongress Insurance Services,Excess Casualty
WestCongress Insurance Services,Professional Liability Insurance
Nationwide E&S ,General Liability Insurance
Nationwide E&S ,Commercial Property
Nationwide E&S ,Commercial Auto
Nationwide E&S ,Garage Liability
Nationwide E&S ,Excess Casualty
Nationwide E&S ,Umbrella
WKF&C Underwriting Managers,Commercial Property
WKF&C Underwriting Managers,General Liability Insurance
WKF&C Underwriting Managers,Professional Liability Insurance
WKF&C Underwriting Managers,Personal Lines
Western World Insurance Company,General Liability Insurance
Western World Insurance Company,Professional Liability Insurance
Western World Insurance Company,Business Owners Policy
Western World Insurance Company,Commercial Property
XL Insurance,Cyber Insurance
XL Insurance,Professional Liability Insurance
XL Insurance,Employment Practices Liability Insurance
XL Insurance,Business Owners Policy
Zurich Insurance ,General Liability Insurance
Zurich Insurance ,Employment Practices Liability Insurance
Zurich Insurance ,Workers Compensation Insurance
Zurich Insurance ,Cyber Insurance
Zurich Insurance ,Professional Liability Insurance
Zurich Insurance ,Pollution Liability Insurance
Zurich Insurance ,Environmental liability Insurance
Zurich Insurance ,Product Liability
Zurich Insurance ,Business Owners Policy
Zurich Insurance ,Commercial Property
Zurich Insurance ,Directors & Officers Insurance
Zurich Insurance ,Special Events
Zurich Insurance ,Inland Marine
Zurich Insurance ,Ocean Marine
Zurich Insurance ,Medical Malpractice
Zurich Insurance ,Equipment Breakdown
Zurich Insurance ,Business Interruption
Zurich Insurance ,Dealers Open Lot
Zurich Insurance ,Hired and Non Owned Auto
Zurich Insurance ,Excess Property
Zurich Insurance ,Excess Casualty
Zurich Insurance ,Garage Liability
Zurich Insurance ,Personal Lines
1-800 Medicare,
21st Century Insurance,
A-1 Insurance,
A-Affordable Auto Insurance,
AARP,
Accident Fund Insurance Company of America,
Adriana's Insurance Services,
Aetna,
Aflac,
Alfa Insurance,
Allianz Life,
Allstate,
American Automobile Association (AAA),
American Family Insurance,
American Fidelity Assurance,
American Income Life Insurance Company,
American National Insurance Company,
American Strategic Insurance (ASI),
American Tri-Star Insurance Services,
AMERICUS INSURANCE,
Amerigroup,
Ameriprise Auto & Home Insurance,
Ameriprise Financial,
Amerisafe,
Ameritas Life Insurance Company,
Amica Mutual Insurance,
Andy Insurance,
Anthem,
Applied Underwriters,
Arbella Insurance Group,
Assurant,
Assurity Life Insurance Company,
Auto-Owners Insurance,
AXA Equitable Life Insurance Company,
Azimuth risk solutions,
Bankers Insurance Group,
Bankers Life and Casualty,
Bankers Life and Casualty Company,
Black Bear Life,
Blue Advantage,
Blue Cross and Blue Shield Association,
Brotherhood Mutual Insurance Company,
Cambia Health Solutions,
CareSource,
Centene Corporation,
Central Insurance Companies,
Champ VA,
Chap Arnold Insurance,
Chappell Insurance Services,
Church Mutual Insurance Company,
Cigna,
Cigna Health Spring,
Cincinnati Financial Corporation,
Citizens Insurance Company of America,
Citizens Property Insurance Corporation,
Civil Service Employees,
CNA Financial,
CNO Financial Group,
Coalition for Health Insurance Choices,
Colonial Life & Accident Insurance Company,
Colonial Penn,
Combined Insurance,
Commerce Insurance Group,
CompSource Mutual,
CompWest Insurance,
Conseco,
Country Financial,
Country-Wide Insurance Company,
Coventry Health Care,
Credit General Insurance Company,
CURE Auto Insurance,
Delta Dental,
Drive Insurance,
Eastwood Insurance,
Elephant Auto Insurance,
EmblemHealth,
Encompass Insurance Company,
Erie Insurance Group,
Esurance,
Evergreen USA RRG,
Farmers Insurance Group,
Federal Life Insurance Company,
Federated Mutual Insurance Company,
Fidelis Care,
First Coast Service Options,
First Insurance Company of Hawaii,
Florida Specialty Insurance,
FM Global,
Fortis,
GAINSCO,
Garden State Life,
GEICO,
Geisinger,
General Re,
Genworth Financial,
Gerber Life Insurance Company,
Globe Life And Accident Insurance Company,
GMAC Insurance,
Golden Rule Insurance Company,
Gracy Title Company,
Grandview Insurance,
Grange Mutual Casualty Company,
Group Health Cooperative,
Group Health Incorporated,
GUARD Insurance Group,
GuideOne Insurance,
Hagerty Insurance Agency,
Hanover Insurance,
HCC Insurance Holdings,
Health insurance (major medical insurance),
Health Net,
HealthMarkets,
HealthPartners,
HealthSpring,
Highmark,
"Homeowners Choice Property & Casualty Insurance Inc.,",
Horace Mann Educators Corporation,
Humana,
Inaam Abbasi Insurance Company (IAIC),
Independence Blue Cross,
Infinity Property & Casualty Corporation,
ING Group,
Insurance Panda,
InsureScan,
IntelliQuote Insurance Services,
Jackson National Life,
John Hancock Insurance,
Kaiser Permanente,
Kaleida Health,
Kansas City Life Insurance Company,
Kemper Corporation,
Kentucky Farm Bureau,
Knights of Columbus,
Lemonade (insurance),
Liberty Medical,
Liberty Mutual,
LifeWise Health Plan of Oregon,
Lincoln National Corporation,
Main article: Life annuity,
Main article: Medicare (United States),
Main article: Workers' compensation,
"Main articles: Health insurance, Health insurance in the United States, and Managed care",
Manhattan Life Insurance Company,
Markel Corporation,
Mass Health Insurance,
MassMutual,
Mature Life Plan,
MBBS (Mohtarma Bainzeer Bhutto Shaheed),
Med4Home,
Medica,
Medical Mutual of Ohio,
MEGA Life and Health Insurance,
MEMIC,
Merchants Insurance Group,
Mercury Insurance Group,
MetLife,
Metromile,
Missouri Employers Mutual,
MMG Insurance,
Modern Woodmen of America,
Molina Healthcare,
Mutual of Omaha,
National Flood Insurance Program,
National Life,
National Life Group,
National Western Life Insurance Company,
New Jersey Manufacturers Insurance Company,
New York Life Insurance Company,
New York State Insurance Fund,
Next Century Insurance,
Next Insurance,
NJM Insurance Group,
Northwestern Mutual,
Official Insurance,
Ohio National Financial Services,
Ohio National Financial Services Company,
Old Mutual,
Omega,
Oregon Mutual Insurance Company,
Oscar Health,
Oxford Health Plans,
Pacific Life,
Pacific Prime,
PEMCO,
Penn Mutual,
Penn National Insurance,
Philadelphia Contributionship for the Insurance of Houses from Loss by Fire,
Physicians Mutual,
Plymouth Rock,
Premera Blue Cross,
Primerica,
Principal Financial Group,
Professional Life and Casualty,
Progressive,
ProSight Specialty Insurance,
Protective Life,
Prudential Financial,
Puerto Rico State Insurance Fund,
Pure Insurance,
Reliance Insurance Company,
Reliance Partners,
Safe Auto Insurance Company,
Safeco,
Safeway Insurance Group,
Securian Financial Group,
Selective Insurance,
Sentry Insurance,
Shelter Insurance,
Southern Aid and Insurance Company,
Southern Farm Bureau Life Insurance Company,
SquareTrade,
Standard Insurance Company,
State Auto Insurance Company,
State Compensation Insurance Fund,
State Farm,
State Farm Insurance,
Stillwater Insurance Group,
Sun Life Financial,
Symetra,
The General,
The Guardian Life Insurance Company of America,
The Hartford,
The Norfolk & Dedham Group,
The Producer's Group,
The Regence Group,
Third Coast Underwriters,
Thrivent Financial for Lutherans,
TIAA-CREF,
Titan Insurance Company,
Transamerica Corporation,
Tricare,
Tricare For Life,
TriWest,
Trupanion,
Twinbrook Insurance Network,
UNIFI Companies,
United American Insurance Company,
United Heartland,
United Insurance Group,
United of Omaha,
UnitedHealth Group,
Unitrin,
Universal American Corporation,
Universal Property Homeowners,
Unum,
UPC Insurance,
US Health Group,
USAA,
Vantage Health Plan,
Veteran Affairs,
Veterans Life Insurance,
WellCare,
Wellmed Healthcare Insurance,
West Bend Mutual Insurance,
West Coast Life,
West Suburban Assurance LLC,
Western & Southern Financial Group,
Western Mutual Insurance Group,
Westfield Insurance,
Westminster American Insurance Company,
White Mountains Insurance Group,
Wolverine Mutual Insurance Company,
Workers' compensation,
XL Catlin,
Zenith Insurance Group,